Date,Open,High,Low,Close,Adj Close,Volume
2019-03-01,1131.029541,1135.921265,1117.543213,1121.017578,1098.479858,8664803
2019-03-05,1118.594604,1133.589722,1114.205811,1131.623901,1108.872925,7788750
2019-03-06,1133.589722,1164.036987,1129.292358,1156.447998,1133.197998,13166138
2019-03-07,1155.716553,1170.162964,1150.367676,1161.431152,1138.080933,8869046
2019-03-08,1157.590942,1165.271362,1153.887939,1158.551025,1135.258789,6605967
2019-03-11,1161.248291,1199.604492,1159.373901,1192.381348,1168.408813,10629434
2019-03-12,1204.084717,1219.719849,1201.661743,1217.296875,1192.823486,12280798
2019-03-13,1222.462891,1243.492432,1214.325317,1231.880493,1207.114014,12288795
2019-03-14,1234.120605,1245.321167,1221.639893,1226.623047,1201.962036,11376655
2019-03-15,1229.777466,1242.395264,1198.873047,1208.427856,1184.132690,17382176
2019-03-18,1216.976807,1241.618164,1215.148193,1234.394897,1209.577759,11052031
2019-03-19,1243.492432,1261.779175,1228.040283,1258.624756,1233.320557,10724015
2019-03-20,1259.767578,1269.093750,1247.149780,1257.618896,1232.334839,10819718
2019-03-22,1254.921631,1262.602051,1222.188599,1226.805908,1202.141357,12539321
2019-03-25,1216.611084,1222.325684,1203.901855,1210.987915,1186.641235,8697044
2019-03-26,1216.336792,1254.098755,1216.062500,1250.121460,1224.988159,10367438
2019-03-27,1259.904785,1259.904785,1229.091797,1233.663452,1208.860962,11039935
2019-03-28,1234.577759,1252.453003,1227.765991,1243.492432,1218.492432,11465124
2019-04-01,1252.635864,1286.283203,1245.824097,1272.614014,1247.028442,11044427
2019-04-02,1278.237183,1282.900269,1261.870605,1270.648193,1245.102173,8763370
2019-04-03,1273.436890,1282.808838,1254.464478,1257.390381,1232.110840,8584906
2019-04-04,1260.864868,1265.162231,1231.834717,1237.137939,1212.265625,9160422
2019-04-05,1244.361084,1247.058350,1227.948853,1237.915039,1213.027222,7358633
2019-04-08,1239.835205,1241.206665,1210.302246,1215.376709,1190.941895,9540921
2019-04-09,1215.056763,1225.845825,1207.833496,1220.131348,1195.600952,10387488
2019-04-10,1223.331421,1232.520508,1212.862305,1217.342529,1192.868164,8325974
2019-04-11,1218.759766,1237.092163,1215.148193,1231.423340,1206.666016,6279260
2019-04-12,1234.349121,1240.658081,1222.142822,1228.040283,1203.350952,6474384
2019-04-15,1229.777466,1233.389160,1220.634155,1225.343018,1200.707764,4642868
2019-04-16,1229.777466,1243.492432,1225.205811,1228.634644,1203.933350,8680158
2019-04-18,1257.207520,1270.693848,1248.064209,1267.219482,1241.742432,19643267
2019-04-22,1243.492432,1249.892822,1226.394531,1230.097534,1205.366699,11803961
2019-04-23,1232.520508,1255.378784,1230.691895,1247.012695,1221.941895,9903725
2019-04-24,1252.910156,1275.311279,1249.207031,1270.465332,1244.922974,8050556
2019-04-25,1270.099609,1291.403564,1245.869751,1254.830200,1229.602173,15234957
2019-04-26,1257.207520,1276.362793,1253.275879,1273.482666,1247.879761,7534942
2019-04-30,1276.774170,1276.774170,1249.709961,1273.482666,1247.879761,11174290
2019-05-02,1272.751099,1292.775024,1263.699219,1284.683228,1258.855103,9496001
2019-05-03,1287.334717,1296.066650,1282.488770,1288.157593,1262.259644,7120131
2019-05-06,1278.237183,1282.625977,1260.041870,1266.259399,1240.801636,7916057
2019-05-07,1275.311279,1275.494141,1225.388672,1228.406006,1203.709229,9708823
2019-05-08,1225.205811,1225.205811,1181.500732,1188.129639,1164.242676,15979459
2019-05-09,1178.391968,1178.391968,1144.515991,1148.813354,1125.716797,21335086
2019-05-10,1156.630859,1168.242920,1138.344238,1143.967407,1120.968384,12278715
2019-05-13,1140.995850,1152.790649,1122.343384,1126.503662,1103.855713,8801829
2019-05-14,1130.572388,1160.608276,1126.000732,1152.470703,1129.300781,14219117
2019-05-15,1163.945557,1168.517212,1143.464478,1149.224731,1126.119995,12209779
2019-05-16,1152.013550,1162.939819,1150.322021,1156.950928,1133.690674,7225654
2019-05-17,1158.459595,1167.557129,1144.744507,1158.825317,1135.527466,8638474
2019-05-20,1201.067505,1223.102905,1191.832642,1212.313721,1187.940552,13489550
2019-05-21,1218.074097,1249.892822,1216.108276,1225.022949,1200.394287,15171780
2019-05-22,1230.371826,1243.218140,1220.725586,1225.571533,1200.931763,12344959
2019-05-23,1254.464478,1272.751099,1211.490845,1219.628418,1195.108154,19383003
2019-05-24,1232.520508,1237.823608,1203.718994,1222.325684,1197.751221,11134632
2019-05-27,1222.554321,1222.920044,1195.032837,1198.370117,1174.277222,8038343
2019-05-28,1206.736328,1220.451294,1200.838867,1210.347900,1186.014160,21297125
2019-05-29,1207.833496,1219.079834,1192.427002,1200.564575,1176.427612,7779257
2019-05-30,1203.490479,1227.034546,1203.490479,1215.833984,1191.390015,11747190
2019-05-31,1223.285767,1226.943115,1207.102051,1216.199707,1191.748291,12862033
2019-06-03,1220.634155,1250.121460,1208.016357,1243.675415,1218.671753,9278471
2019-06-04,1241.160889,1256.521729,1232.611938,1235.857788,1211.011353,7721380
2019-06-06,1245.229736,1245.229736,1207.924927,1213.639526,1189.239624,8382417
2019-06-07,1212.359497,1213.548096,1193.752808,1202.256104,1178.085205,7361209
2019-06-10,1207.742065,1213.319458,1197.867310,1206.141968,1181.892944,5884234
2019-06-11,1208.610718,1220.177002,1205.090576,1215.285278,1190.852295,5746037
2019-06-12,1220.359863,1223.742920,1211.490845,1218.028320,1193.540405,5148799
2019-06-13,1216.062500,1220.359863,1196.541504,1213.548096,1189.150024,7843084
2019-06-14,1208.656372,1211.490845,1197.227295,1204.679077,1180.459351,7471384
2019-06-17,1206.919189,1206.919189,1168.974365,1172.448853,1148.877197,7454128
2019-06-18,1169.340088,1177.614868,1160.379639,1171.260254,1147.712402,8398685
2019-06-19,1176.654785,1190.461182,1154.436523,1167.922852,1144.442139,7246381
2019-06-20,1170.345825,1188.632568,1168.517212,1185.660889,1161.823486,5374424
2019-06-21,1184.929443,1184.975220,1166.277100,1169.888672,1146.368530,11618416
2019-06-24,1163.168335,1167.099976,1149.407715,1154.253662,1131.047852,5633614
2019-06-25,1151.053467,1186.803833,1146.801758,1184.838013,1161.017334,7483449
2019-06-26,1180.403564,1192.838501,1176.151855,1183.283691,1159.494141,5796513
2019-06-27,1182.369385,1185.798096,1162.116821,1164.997070,1141.574951,12452766
2019-06-28,1167.694336,1172.951782,1141.681519,1145.750366,1122.715332,9471082
2019-07-01,1150.276245,1163.625488,1139.670044,1160.151123,1136.826660,6739428
2019-07-02,1164.814209,1171.260254,1155.076538,1168.974365,1145.472534,5073373
2019-07-03,1172.997437,1176.289063,1165.819946,1172.677368,1149.101196,4403246
2019-07-04,1171.625977,1180.403564,1170.345825,1174.003174,1150.400146,4675702
2019-07-05,1175.008911,1179.946411,1152.059204,1155.122192,1131.898804,5463376
2019-07-08,1150.230591,1159.465332,1141.270142,1144.790283,1121.774536,7004609
2019-07-09,1141.955811,1173.546021,1138.801392,1170.437256,1146.905884,8767877
2019-07-10,1170.391602,1178.894897,1160.013916,1169.294434,1145.786011,6009098
2019-07-11,1176.746216,1179.306396,1169.705811,1171.763062,1148.205078,4304188
2019-07-12,1173.088867,1188.632568,1168.562866,1170.803101,1147.264526,7846218
2019-07-15,1174.917480,1179.031982,1161.522583,1166.780029,1143.322266,5329749
2019-07-16,1170.300171,1183.969482,1167.648560,1182.232178,1158.463867,5035386
2019-07-17,1183.420776,1185.889526,1170.345825,1172.037354,1148.473999,4741116
2019-07-18,1172.174561,1176.197632,1150.230591,1153.750732,1130.554810,5971454
2019-07-19,1159.556763,1163.899780,1136.241211,1142.001587,1119.041992,8168268
2019-07-22,1143.830200,1174.460327,1122.160522,1170.803101,1147.264526,14546294
2019-07-23,1174.917480,1183.055054,1152.424927,1164.448486,1141.037720,10158174
2019-07-24,1164.402710,1169.248657,1146.161743,1151.236328,1128.091187,7594589
2019-07-25,1155.716553,1160.333984,1121.886230,1126.000732,1103.362793,10902535
2019-07-26,1126.000732,1136.058350,1106.342529,1109.817017,1087.504395,10193752
2019-07-29,1112.651489,1117.314575,1101.862305,1107.211182,1084.951050,8813022
2019-07-30,1109.954224,1115.485962,1075.209595,1079.735474,1058.027710,10426558
2019-07-31,1075.026733,1083.484253,1062.820313,1066.340576,1044.902222,10614975
2019-08-01,1063.734619,1086.410156,1051.802612,1079.141235,1057.445557,11314111
2019-08-02,1074.980957,1095.599121,1062.546021,1082.889893,1067.488037,11883403
2019-08-05,1067.026245,1067.026245,1031.367310,1045.402344,1030.533813,15199566
2019-08-06,1037.539063,1051.116943,1025.881348,1031.641602,1016.968811,14533997
2019-08-07,1029.995850,1041.013550,1008.600403,1014.360718,999.933594,12674684
2019-08-08,1013.400635,1058.797241,1001.468628,1053.631348,1038.645752,15599284
2019-08-09,1062.317505,1074.798096,1053.585571,1062.546021,1047.433594,10985004
2019-08-13,1127.509399,1191.192627,1120.971924,1165.545654,1148.968262,52413572
2019-08-14,1192.289917,1192.701294,1170.665894,1177.889160,1161.136108,15844491
2019-08-16,1180.586426,1181.135010,1163.945557,1168.517212,1151.897583,10988883
2019-08-19,1171.305908,1185.706665,1170.345825,1181.866455,1165.057007,8158801
2019-08-20,1179.306396,1181.866455,1163.579834,1166.642822,1150.049805,7484649
2019-08-21,1166.368530,1169.111572,1158.002441,1162.071167,1145.543213,5338924
2019-08-22,1162.071167,1162.116821,1132.766846,1139.944336,1123.731201,7015976
2019-08-23,1132.858276,1174.003174,1121.429077,1166.551392,1149.959717,10653957
2019-08-26,1183.146484,1183.146484,1151.144897,1158.276733,1141.802734,9601252
2019-08-27,1174.917480,1174.917480,1153.156372,1165.637085,1149.058350,14200953
2019-08-28,1164.631348,1171.260254,1148.447632,1155.076538,1138.648193,5802744
2019-08-29,1148.813354,1152.287842,1129.475220,1135.372681,1119.224365,9445111
2019-08-30,1138.801392,1146.938965,1116.400269,1141.590088,1125.353394,12367620
2019-09-03,1135.829834,1136.515625,1097.199219,1103.051025,1087.362427,9365309
2019-09-04,1097.702148,1101.999512,1084.444336,1098.250732,1082.630493,16474697
2019-09-05,1103.416748,1109.268433,1091.073242,1095.919189,1080.332153,11497743
2019-09-06,1099.942261,1123.714966,1092.856201,1117.771729,1101.873779,11593409
2019-09-09,1116.080200,1127.372192,1109.222778,1117.497437,1101.603516,5873964
2019-09-11,1117.771729,1133.772583,1117.771729,1128.652344,1112.599731,6063950
2019-09-12,1129.200928,1134.183960,1102.411011,1106.662598,1090.922607,5940002
2019-09-13,1108.171265,1123.257690,1103.508179,1120.606201,1104.667969,6473857
2019-09-16,1087.141602,1114.662964,1084.489990,1107.028320,1091.283203,10273865
2019-09-17,1107.256958,1107.256958,1091.256104,1094.867676,1079.295532,7820386
2019-09-18,1101.725220,1112.102905,1094.639160,1102.411011,1086.731445,7466954
2019-09-19,1104.376709,1106.068237,1072.192261,1078.043945,1062.711060,6883111
2019-09-20,1086.181519,1161.111084,1073.700928,1146.893188,1130.580933,24082780
2019-09-23,1164.997070,1171.260254,1129.200928,1133.041138,1116.926147,10805422
2019-09-24,1137.064209,1187.535278,1136.286987,1169.157227,1152.528442,17479487
2019-09-25,1174.003174,1184.060913,1160.151123,1169.934448,1153.294678,9096135
2019-09-26,1181.317871,1187.535278,1173.546021,1185.706665,1168.842529,9175228
2019-09-27,1181.775024,1202.347534,1174.003174,1196.907227,1179.883789,9529331
2019-09-30,1197.775879,1221.319946,1193.707031,1218.119751,1200.794678,12631885
2019-10-01,1222.462891,1227.034546,1182.506470,1193.112793,1176.143311,8960192
2019-10-03,1175.831909,1202.073242,1171.534546,1198.735962,1181.686646,6762425
2019-10-04,1206.827759,1214.782471,1192.152710,1196.038574,1179.027588,7496126
2019-10-07,1196.038574,1207.650635,1190.186890,1197.867310,1180.830200,5030792
2019-10-09,1196.587280,1216.016846,1181.775024,1211.262207,1194.034668,8794323
2019-10-10,1211.490845,1251.721436,1207.833496,1246.006958,1228.285278,17503195
2019-10-11,1246.875488,1248.612793,1222.051392,1236.726440,1219.136719,8298563
2019-10-14,1248.018433,1248.018433,1235.126343,1241.663818,1224.003784,6697137
2019-10-15,1245.778320,1252.635864,1238.280762,1247.286987,1229.547119,4836395
2019-10-16,1252.544434,1261.459106,1246.875488,1254.784546,1236.937988,9701830
2019-10-17,1257.207520,1279.151489,1254.464478,1276.865601,1258.704834,8019470
2019-10-18,1283.723145,1305.575684,1278.877197,1295.015137,1276.596436,14060975
2019-10-22,1302.924072,1313.758911,1283.128784,1293.003662,1274.613403,13893251
2019-10-23,1294.969482,1303.792725,1264.659302,1273.116821,1255.009521,9223080
2019-10-24,1280.980103,1317.919189,1267.768066,1313.393188,1294.713135,11321244
2019-10-25,1317.644897,1317.964844,1290.352051,1308.593018,1289.981079,6769978
2019-10-27,1317.553467,1321.210815,1307.495728,1311.381714,1292.730103,1507420
2019-10-29,1321.667969,1353.212402,1318.559204,1341.371826,1322.293823,12884252
2019-10-30,1353.212402,1357.372681,1335.200073,1352.389526,1333.154663,8170683
2019-10-31,1356.869751,1362.035767,1336.480103,1338.903076,1319.859985,9731870
2019-11-01,1330.354126,1336.571533,1317.553467,1332.091309,1313.145142,6952150
2019-11-04,1340.320313,1344.983398,1321.302246,1332.777100,1313.821167,7031717
2019-11-05,1337.760254,1343.109009,1317.553467,1323.313721,1304.492432,6342678
2019-11-06,1319.107788,1322.536499,1306.124268,1311.975952,1293.315796,7312752
2019-11-07,1312.067505,1337.668701,1309.507324,1333.645752,1314.677490,7042019
2019-11-08,1324.868164,1334.605713,1317.827759,1321.667969,1302.870117,6009676
2019-11-11,1315.816162,1320.525024,1300.683960,1305.484253,1286.916504,5678920
2019-11-13,1307.495728,1349.463623,1307.495728,1346.171997,1327.025635,12612874
2019-11-14,1349.555054,1354.675293,1331.085571,1337.440186,1318.418091,7129066
2019-11-15,1340.091797,1359.429932,1337.805908,1344.846313,1325.718872,7845802
2019-11-18,1346.492065,1358.698364,1330.719849,1334.194336,1315.218262,7038025
2019-11-19,1341.326050,1385.122681,1339.497437,1380.413818,1360.780273,15088127
2019-11-20,1421.833130,1437.696777,1410.998291,1415.067017,1394.940674,21769060
2019-11-21,1412.644043,1422.701660,1397.603271,1405.877930,1385.882446,7448685
2019-11-22,1409.992432,1435.045166,1405.877930,1414.015503,1393.904053,11176432
2019-11-25,1418.267212,1430.747803,1418.130005,1427.776245,1407.469238,7573078
2019-11-26,1433.765137,1441.308350,1422.701660,1426.587646,1406.297485,17665491
2019-11-27,1426.313354,1440.531250,1422.793091,1435.365234,1414.950195,4821369
2019-11-28,1437.925293,1448.440186,1429.970703,1444.920044,1424.369263,6873739
2019-11-29,1446.428589,1446.428589,1415.249878,1418.267212,1398.095337,9279797
2019-12-02,1462.932373,1476.144409,1441.902710,1450.588867,1429.957275,15612682
2019-12-03,1456.303467,1457.446289,1437.879639,1443.639893,1423.107178,6495213
2019-12-04,1438.245361,1442.359863,1402.357788,1419.684448,1399.492554,10493803
2019-12-05,1439.159668,1444.417114,1411.729736,1417.992920,1397.825073,9971230
2019-12-06,1419.958740,1433.673706,1409.078125,1421.695923,1401.475342,6542617
2019-12-09,1422.838867,1442.268433,1414.015503,1437.879639,1417.428955,6321338
2019-12-10,1437.376709,1438.793945,1421.010132,1428.141968,1407.829712,5086666
2019-12-11,1422.335938,1439.616821,1417.764282,1428.553467,1408.235352,6182320
2019-12-12,1435.730957,1439.022583,1423.296021,1433.856567,1413.462891,5163303
2019-12-13,1444.645630,1453.789063,1437.696777,1447.297241,1426.712646,6334151
2019-12-16,1455.617676,1457.354858,1430.336426,1432.393677,1412.020874,5946359
2019-12-17,1432.530762,1443.731323,1422.290283,1428.827759,1408.505859,10162300
2019-12-18,1429.102051,1444.645630,1428.187744,1440.851196,1420.358154,7371038
2019-12-19,1438.885376,1476.555908,1437.148193,1472.029907,1451.093506,10253908
2019-12-20,1476.647339,1478.978882,1459.366455,1462.109497,1441.314087,10635755
2019-12-23,1426.450439,1442.405518,1424.347534,1436.782471,1416.347290,12553886
2019-12-24,1434.496582,1437.376709,1410.358154,1413.969849,1393.859131,9024224
2019-12-26,1409.581055,1419.912964,1380.779541,1385.579834,1365.872925,14880509
2019-12-27,1396.186035,1413.741211,1390.974365,1410.221069,1390.163696,8838785
2019-12-30,1413.512695,1415.067017,1397.146118,1411.912598,1391.831177,8561874
2019-12-31,1409.901001,1411.455444,1378.859497,1384.345459,1364.656250,11101502
2020-01-01,1387.957031,1396.277466,1376.527954,1380.276611,1360.645142,7002234
2020-01-02,1382.471069,1408.941040,1382.471069,1403.775024,1383.809448,8855158
2020-01-03,1401.671997,1409.581055,1392.528687,1405.466553,1385.476685,10492349
2020-01-06,1389.785767,1397.008911,1369.670410,1372.870605,1353.344482,12259588
2020-01-07,1388.871338,1403.043579,1383.842529,1393.991699,1374.165283,8341811
2020-01-08,1385.214111,1402.997803,1380.642456,1383.522583,1363.844971,8023951
2020-01-09,1406.792358,1417.215698,1400.072021,1415.387085,1395.256226,7491371
2020-01-10,1418.952881,1424.484619,1407.752319,1415.067017,1394.940674,6239179
2020-01-13,1412.689819,1425.170410,1406.609497,1411.455444,1391.380615,9141191
2020-01-14,1408.072388,1417.215698,1391.477295,1398.380493,1378.491455,7908267
2020-01-15,1404.277954,1407.980957,1388.185669,1393.305908,1373.489136,7908929
2020-01-16,1398.014771,1411.135376,1397.100342,1406.152222,1386.152832,6423987
2020-01-17,1420.415894,1449.171631,1420.141602,1445.560059,1425.000122,14731735
2020-01-20,1471.161377,1471.161377,1395.637451,1401.077759,1381.150513,16272925
2020-01-21,1397.649048,1413.421265,1391.614380,1402.494995,1382.547485,9461360
2020-01-22,1411.729736,1414.244141,1399.934814,1401.992065,1382.051636,5161408
2020-01-23,1404.872192,1409.855347,1390.425781,1396.048950,1376.193237,5623869
2020-01-24,1396.186035,1404.735107,1388.459961,1391.203003,1371.416138,7314222
2020-01-27,1385.122681,1393.854492,1376.070679,1377.487915,1357.896118,6693875
2020-01-28,1379.362305,1380.642456,1338.217407,1345.669189,1326.529907,12266118
2020-01-29,1347.772095,1366.378784,1338.628784,1353.075317,1333.830811,12373282
2020-01-30,1352.298096,1352.938110,1316.639160,1320.067871,1301.292725,11201344
2020-01-31,1328.525391,1328.754028,1286.649048,1290.717773,1272.360107,17375155
2020-02-03,1252.544434,1280.020142,1246.281250,1266.807983,1248.790405,15356145
2020-02-04,1280.065796,1309.781616,1278.054321,1304.204224,1285.654785,12691950
2020-02-05,1311.975952,1328.342529,1307.770142,1324.410889,1305.573975,9236050
2020-02-06,1329.531250,1341.326050,1316.730591,1332.914185,1313.956299,7769288
2020-02-07,1326.696777,1327.931152,1305.941406,1310.833130,1292.189453,6104606
2020-02-10,1305.667114,1321.667969,1289.620605,1312.616089,1293.946899,7571238
2020-02-11,1323.405151,1340.594604,1321.256470,1328.296875,1309.404785,6999908
2020-02-12,1331.405640,1348.503662,1330.354126,1344.343384,1325.223022,6766782
2020-02-13,1351.155151,1351.155151,1337.302979,1347.863525,1328.693237,6782829
2020-02-14,1350.697998,1372.824829,1328.616821,1360.161377,1340.816040,10613920
2020-02-17,1361.441406,1377.122192,1348.000732,1351.612305,1332.388550,6574565
2020-02-18,1349.463623,1349.463623,1332.548462,1341.691772,1322.609131,5563580
2020-02-19,1352.618042,1377.396484,1348.732178,1374.973511,1355.417480,7042204
2020-02-20,1368.756104,1378.813721,1356.686890,1358.652710,1339.328857,8446134
2020-02-24,1343.840454,1350.469360,1316.227661,1321.165039,1302.374268,10685107
2020-02-25,1327.062500,1327.062500,1289.209106,1295.060913,1276.641479,13872531
2020-02-26,1289.209106,1291.357788,1268.499512,1272.751099,1254.649048,14681374
2020-02-27,1269.093750,1274.396973,1251.721436,1267.493774,1249.466309,12527496
2020-02-28,1238.829346,1240.749512,1211.490845,1214.828125,1197.549805,19657884
2020-03-02,1239.012207,1251.721436,1189.638306,1203.399048,1186.283325,14750247
2020-03-03,1215.788208,1237.915039,1208.747803,1227.811646,1210.348755,13699399
2020-03-04,1236.177856,1237.823608,1195.855713,1224.931519,1207.509399,11052630
2020-03-05,1236.360718,1241.618164,1194.118530,1198.827393,1181.776611,15255195
2020-03-06,1161.202515,1177.797729,1134.778320,1162.116821,1145.588135,16867019
2020-03-09,1133.818237,1134.686890,1001.194336,1018.703796,1004.214905,44093509
2020-03-11,1013.080627,1077.495361,1013.080627,1054.728516,1039.727295,29789288
2020-03-12,992.051025,1006.680298,958.860718,971.935669,958.112000,27985242
2020-03-13,912.504028,1042.339355,861.667175,1010.611938,996.238159,36648701
2020-03-16,969.695557,987.205017,918.904358,928.687744,915.479126,19241129
2020-03-17,957.534912,969.192688,917.258606,921.647400,908.538940,22722989
2020-03-18,937.465332,947.157288,878.673767,885.531250,872.936462,22365207
2020-03-19,841.277527,884.159729,815.767639,839.083130,827.148926,30702005
2020-03-20,859.015564,946.242920,850.329407,930.744995,917.507141,31680237
2020-03-23,837.711609,868.616089,800.635437,808.315857,796.819336,20335474
2020-03-24,850.329407,886.902710,819.059265,862.581482,850.313171,22867443
2020-03-25,881.233887,1052.899780,880.731018,989.536560,975.462585,36565149
2020-03-26,1001.925781,1021.218201,953.054688,974.861511,960.996277,22872244
2020-03-27,1001.194336,1012.440613,956.574890,974.312927,960.455444,20828970
2020-03-30,951.454651,982.724792,932.619385,942.174133,928.773804,15114933
2020-03-31,981.947632,1033.013062,958.220703,1018.338074,1003.854370,22146405
2020-04-01,1026.109863,1028.258545,955.660583,987.890808,973.840149,20798729
2020-04-03,1037.264771,1037.264771,965.809631,985.147766,971.136169,20683903
2020-04-07,1007.686096,1109.999878,1005.765991,1102.776733,1087.092041,27186812
2020-04-08,1078.912598,1123.714966,1060.625977,1090.021729,1074.518555,24940165
2020-04-09,1109.999878,1127.189331,1090.798950,1115.440186,1099.575562,16516428
2020-04-13,1100.810913,1110.914307,1078.912598,1087.278809,1071.814575,11836892
2020-04-15,1094.501953,1130.115234,1045.082275,1051.345459,1036.392334,17660921
2020-04-16,1051.345459,1085.724365,1046.911011,1067.986328,1052.796509,18727853
2020-04-17,1111.828613,1124.629272,1090.478882,1119.143188,1103.225830,16634667
2020-04-20,1120.971924,1149.316162,1099.027954,1137.247070,1121.072266,18015466
2020-04-21,1106.342529,1144.744507,1064.283325,1131.349609,1115.258667,30685814
2020-04-22,1206.919189,1266.259399,1188.632568,1246.784058,1229.051270,71341683
2020-04-23,1250.212891,1267.128052,1237.366455,1253.458740,1235.631104,32732251
2020-04-24,1234.486328,1366.881714,1231.789063,1295.609497,1277.182251,67493154
2020-04-27,1311.153076,1348.640747,1301.095459,1307.267212,1288.674194,29241450
2020-04-28,1325.782471,1330.765503,1272.888306,1305.804321,1287.232056,39226700
2020-04-29,1321.119385,1329.119751,1298.352417,1304.707031,1286.150391,18747336
2020-04-30,1329.394043,1366.881714,1314.856201,1340.411743,1321.347290,35672949
2020-05-04,1316.639160,1339.497437,1296.020874,1312.250366,1293.586304,26728434
2020-05-05,1329.165527,1352.298096,1323.222290,1335.520020,1316.525146,22451881
2020-05-06,1338.583130,1357.738403,1321.667969,1335.611572,1316.615479,20244547
2020-05-07,1330.354126,1383.979736,1321.210815,1377.853638,1358.256592,25013483
2020-05-08,1412.644043,1444.554199,1405.420776,1428.004883,1407.694580,42131385
2020-05-11,1444.645630,1476.647339,1437.605347,1441.719849,1421.214600,33542531
2020-05-12,1430.747803,1433.993774,1339.497437,1352.526611,1333.289917,50341601
2020-05-13,1409.420532,1409.420532,1342.041504,1381.222900,1361.578003,33215062
2020-05-14,1355.886475,1381.453613,1319.935669,1325.381348,1306.530640,24633385
2020-05-15,1332.811523,1353.763672,1306.136841,1347.025757,1327.867188,31076130
2020-05-18,1356.809570,1367.885498,1318.043579,1329.811768,1310.898071,31398044
2020-05-19,1344.810547,1349.148682,1295.199341,1300.414185,1281.918579,21157927
2020-05-20,1301.429565,1335.442139,1285.738525,1323.304688,1304.483643,27660492
2020-05-21,1324.504517,1348.917847,1315.274536,1330.273315,1311.353027,19583990
2020-05-22,1340.010986,1345.733521,1316.659058,1321.320190,1302.527222,18914486
2020-05-26,1336.641968,1338.072632,1307.244385,1314.397705,1295.703125,16608317
2020-05-27,1320.812500,1342.041504,1303.275513,1334.242188,1315.265503,17833978
2020-05-28,1342.964478,1365.808716,1337.426514,1358.886230,1339.558960,20063139
2020-05-29,1354.963501,1358.655518,1340.795532,1351.640747,1332.416504,20011263
2020-06-01,1366.039551,1419.896606,1362.301392,1403.282593,1383.323975,19971851
2020-06-02,1408.497559,1421.419556,1403.697876,1417.450562,1397.290283,11076980
2020-06-03,1426.034546,1439.879517,1415.281494,1422.942505,1402.704224,12690644
2020-06-04,1425.111450,1467.108032,1422.342529,1458.154907,1437.415771,17101175
2020-06-05,1472.184448,1493.413452,1452.524536,1459.908569,1439.144531,16538342
2020-06-08,1493.782715,1493.782715,1444.494507,1448.647949,1428.044189,15707476
2020-06-09,1440.156372,1461.108521,1414.958496,1418.788940,1398.609741,12928580
2020-06-10,1424.280762,1457.924194,1421.465698,1451.093994,1430.455322,11066323
2020-06-11,1445.417480,1447.217285,1413.112549,1419.296631,1399.110229,10192902
2020-06-12,1384.499512,1470.338501,1381.730469,1466.461914,1445.604736,19274449
2020-06-15,1444.494507,1501.674316,1440.894775,1490.229126,1469.033813,26553701
2020-06-16,1516.488525,1521.611084,1463.231323,1493.136597,1471.899902,25593501
2020-06-17,1484.414185,1509.519775,1478.737793,1490.967529,1469.761719,20891026
2020-06-18,1483.260498,1536.794434,1481.968262,1528.395142,1506.657104,20235778
2020-06-19,1541.409424,1651.061768,1534.025513,1623.925659,1600.828857,52902086
2020-06-22,1636.847656,1665.276001,1601.404419,1611.695923,1588.772949,30099352
2020-06-23,1615.249390,1627.940674,1583.959717,1588.390137,1565.798706,18981039
2020-06-24,1602.235107,1636.201538,1579.898560,1594.804932,1572.122192,25793110
2020-06-25,1594.020386,1614.326416,1581.144653,1585.621094,1563.068970,19839687
2020-06-26,1595.681885,1617.095459,1584.790405,1607.542358,1584.678467,15460956
2020-06-29,1594.989624,1605.788696,1583.452148,1590.466919,1567.845947,12810973
2020-06-30,1603.250488,1606.942383,1564.992065,1572.883789,1550.512939,15138210
2020-07-01,1587.559448,1614.326416,1576.529541,1603.804199,1580.993652,14232051
2020-07-02,1608.788452,1631.494263,1601.450562,1624.802490,1608.211060,14394766
2020-07-03,1642.754761,1654.938477,1631.863403,1650.231079,1633.380005,14717133
2020-07-06,1666.014404,1714.933350,1654.107666,1709.210815,1691.757446,23508092
2020-07-07,1716.779419,1720.794434,1667.214355,1683.043701,1665.857666,17594794
2020-07-08,1683.597534,1693.658203,1652.169434,1659.553467,1642.607178,13102047
2020-07-09,1669.706421,1693.704346,1648.708130,1683.782104,1666.588501,18209471
2020-07-10,1687.704956,1739.485229,1683.782104,1733.439575,1715.738770,21879983
2020-07-13,1756.791382,1797.726440,1753.699341,1786.004395,1767.766846,34804196
2020-07-14,1785.081421,1792.188477,1741.977295,1769.390381,1751.322510,33665564
2020-07-15,1788.727173,1826.431763,1659.553467,1702.011353,1684.631470,69834886
2020-07-16,1704.780396,1725.086426,1672.890747,1701.457642,1684.083496,30480862
2020-07-17,1702.934448,1772.159424,1696.473389,1764.498535,1746.480591,24863382
2020-07-20,1770.128784,1783.235352,1753.376343,1772.067017,1753.971802,18296469
2020-07-21,1789.696411,1824.770386,1787.388916,1819.739990,1801.157959,21086685
2020-07-22,1830.308350,1855.229370,1809.725464,1849.691406,1830.803589,29885728
2020-07-23,1849.645142,1919.562378,1838.015381,1899.348755,1879.953857,29166875
2020-07-24,1899.533325,1996.448242,1899.348755,1980.895752,1960.668213,60298686
2020-07-27,2011.031738,2029.491699,1964.051025,1990.171875,1969.849609,40152413
2020-07-28,1990.171875,2025.061279,1985.049194,2010.016357,1989.491333,27557211
2020-07-29,2010.201050,2014.723633,1911.024658,1935.207275,1915.446167,36331699
2020-07-30,1937.376343,1974.942383,1912.455322,1946.467896,1926.591919,36428722
2020-07-31,1951.682861,1965.066284,1894.733765,1907.932617,1888.449951,37479030
2020-08-03,1893.349243,1898.610352,1848.860596,1854.306396,1835.371460,23357691
2020-08-04,1865.013184,2000.140259,1846.230103,1985.003052,1964.733521,46020527
2020-08-05,2001.986328,2026.907227,1955.190186,1962.712646,1942.670654,37274996
2020-08-06,1990.910278,2000.786377,1945.498657,1969.773560,1949.659424,24661487
2020-08-07,1965.804688,1991.648682,1956.943970,1981.172607,1960.942261,16492208
2020-08-10,1992.848633,1998.294312,1945.775635,1956.620850,1936.641235,13479498
2020-08-11,1970.419678,1993.679321,1938.622314,1969.496704,1949.385498,23414153
2020-08-12,1957.682251,1979.834351,1944.575684,1963.774048,1943.721313,15132308
2020-08-13,1964.143311,1974.203979,1947.529297,1958.651489,1938.651123,12415161
2020-08-14,1959.112915,1990.910278,1928.377075,1951.036743,1931.114136,16612317
2020-08-17,1942.914307,1942.914307,1910.701660,1930.315430,1910.604248,15489533
2020-08-18,1924.454346,1969.958252,1922.008423,1955.421021,1935.453491,15273836
2020-08-19,1976.142334,1988.141357,1958.005371,1967.419922,1947.329956,17043771
2020-08-20,1956.759277,1960.359009,1927.223267,1935.576416,1915.811646,11268922
2020-08-21,1954.913330,1958.605347,1917.070313,1921.546875,1901.925293,12640447
2020-08-24,1930.361572,1942.452759,1911.070801,1934.376587,1914.624023,16358609
2020-08-25,1943.837280,1948.729248,1917.993286,1921.777588,1902.153687,9694004
2020-08-26,1924.454346,1982.557129,1889.380371,1972.727173,1952.583008,29935210
2020-08-27,1982.603271,1984.449341,1941.299072,1948.083130,1928.190552,14042531
2020-08-28,1956.759277,1968.666016,1944.068115,1953.205811,1933.260986,13583450
2020-08-31,2006.601318,2006.601318,1901.702393,1920.485474,1900.874756,31038066
2020-09-01,1938.299316,1958.974487,1903.594482,1926.531128,1906.858643,19308129
2020-09-02,1930.915283,1973.373291,1924.454346,1964.327881,1944.269409,13474719
2020-09-03,1964.143311,1974.065552,1941.068359,1949.467651,1929.560913,9293214
2020-09-04,1923.115967,1935.484131,1912.639893,1917.301025,1897.722778,14237972
2020-09-07,1923.531372,1943.606567,1886.842041,1922.285278,1902.656128,10963236
2020-09-08,1930.915283,1957.682251,1920.300781,1944.852661,1924.993164,13698541
2020-09-09,1924.454346,2000.878662,1921.177612,1994.925293,1974.554565,27655438
2020-09-10,2015.000610,2164.388184,2007.847290,2135.821289,2114.011719,70152202
2020-09-11,2133.975342,2157.834717,2110.992676,2141.128418,2119.264893,29735403
2020-09-14,2145.974365,2178.279297,2106.285156,2125.252930,2103.551270,22031722
2020-09-15,2133.929199,2146.666504,2111.961670,2140.297852,2118.442627,13589196
2020-09-16,2141.359131,2186.909180,2132.636963,2145.558838,2123.649902,16976147
2020-09-17,2141.359131,2154.004395,2115.376709,2121.745605,2100.079834,12914334
2020-09-18,2136.052002,2140.851563,2101.254883,2128.160400,2106.428955,16537457
2020-09-21,2122.899170,2156.127197,2074.303223,2082.148926,2060.887207,16813690
2020-09-22,2101.670166,2101.670166,2032.029907,2040.890747,2020.050415,17396127
2020-09-23,2085.979248,2101.439453,2035.491211,2059.027588,2038.002197,21494354
2020-09-24,2037.890991,2054.597168,2008.493408,2013.246948,1992.688965,14913159
2020-09-25,2020.446289,2042.413696,2000.417236,2032.168335,2011.417236,14187467
2020-09-28,2055.520264,2065.673340,2037.106445,2045.598022,2024.709595,9833424
2020-09-29,2053.674316,2089.671143,2045.598022,2072.180420,2051.020752,12921269
2020-09-30,2085.979248,2092.440186,2053.674316,2062.304443,2041.245483,12232579
2020-10-01,2089.486572,2089.486572,2043.521240,2053.905029,2032.931885,10391613
2020-10-05,2071.211182,2075.964600,2036.137329,2041.859863,2021.009766,9461399
2020-10-06,2053.905029,2061.888916,2032.122192,2040.152344,2019.319580,9206087
2020-10-07,2062.904297,2131.206299,2049.059326,2083.671875,2062.394531,26585432
2020-10-08,2085.056152,2093.363281,2050.997559,2066.826904,2045.721802,10538904
2020-10-09,2062.904297,2079.518311,2046.382568,2061.473633,2040.423218,9272749
2020-10-12,2062.904297,2082.056396,2054.828125,2064.796387,2043.712036,7113236
2020-10-13,2058.843018,2109.746582,2054.458740,2105.085449,2083.589844,11556006
2020-10-14,2103.424072,2126.591309,2093.824707,2111.361816,2089.802002,13371005
2020-10-15,2113.669189,2113.669189,2025.984253,2036.598755,2015.802246,10018098
2020-10-16,2044.444336,2060.596680,2005.355225,2008.262695,1987.755737,10791800
2020-10-19,2021.415405,2057.089355,1989.202759,2008.631836,1988.120972,15600192
2020-10-20,2011.216309,2024.138306,1986.526001,1989.895020,1969.575562,9241144
2020-10-21,2001.063354,2023.215332,1936.222534,1961.005127,1940.980591,17041160
2020-10-22,1963.589478,1968.296753,1929.992310,1944.714111,1924.856079,15401105
2020-10-23,1943.837280,1970.604248,1934.976563,1950.344482,1930.428833,11711062
2020-10-26,1940.099121,1940.099121,1863.074829,1872.858643,1853.734253,18662208
2020-10-27,1878.212036,1901.240845,1850.614380,1877.842896,1858.667603,18239448
2020-10-28,1884.580688,1899.256470,1852.829590,1856.567749,1837.609741,14962008
2020-10-29,1843.230347,1884.765381,1837.692383,1870.828003,1851.724243,15327652
2020-10-30,1876.919800,1906.086670,1866.120728,1896.302856,1876.939087,17010781
2020-11-02,1870.920288,1870.920288,1715.994873,1732.885742,1715.190674,49683447
2020-11-03,1744.469360,1762.006348,1693.796753,1707.918579,1690.478394,44345811
2020-11-04,1695.550415,1780.466431,1695.550415,1765.882935,1747.850830,40090058
2020-11-05,1804.418213,1809.956177,1783.235352,1804.464355,1786.038330,18602686
2020-11-06,1836.769409,1882.919312,1825.831787,1872.904785,1853.779907,33337043
2020-11-09,1903.317627,1909.686279,1879.227295,1892.795410,1873.467407,17919255
2020-11-10,1917.070313,1929.069336,1884.026978,1924.038940,1904.391968,18467121
2020-11-11,1928.146362,1933.684326,1825.785645,1843.414917,1824.591064,28362390
2020-11-12,1828.462402,1853.798706,1813.694336,1827.539307,1808.877686,20023263
2020-11-13,1829.385376,1879.827271,1829.154663,1842.676514,1823.860229,22694335
2020-11-14,1859.752075,1860.121216,1841.707397,1848.122192,1829.250488,2613110
2020-11-17,1924.454346,1924.454346,1832.154297,1839.769043,1820.982544,23271281
2020-11-18,1839.769043,1851.998901,1809.171631,1834.184937,1815.455444,15201145
2020-11-19,1834.184937,1855.644653,1816.647949,1821.216797,1802.619629,13898171
2020-11-20,1822.924316,1831.046753,1749.084351,1753.237915,1735.334961,28735624
2020-11-23,1800.772339,1818.309326,1777.928101,1800.495483,1782.110107,22663783
2020-11-24,1812.771362,1822.001343,1783.235352,1812.817505,1794.306152,15468134
2020-11-25,1827.539307,1839.492188,1792.650024,1797.818726,1779.460571,16318939
2020-11-26,1802.664551,1813.694336,1781.435547,1802.249146,1783.845703,12919318
2020-11-27,1791.080811,1805.479614,1773.451538,1781.204834,1763.016357,23668405
2020-12-01,1790.942383,1814.848145,1781.435547,1804.372070,1785.947144,9875343
2020-12-02,1807.694824,1810.925415,1786.004395,1807.371826,1788.916138,11094443
2020-12-03,1820.155396,1828.554688,1807.833374,1812.817505,1794.306152,13892686
2020-12-04,1817.386353,1817.386353,1790.619385,1796.849609,1778.501343,9232276
2020-12-07,1791.173218,1813.694336,1791.173218,1807.417969,1788.961792,9121094
2020-12-08,1810.140869,1859.152100,1799.849365,1840.230591,1821.439453,21701530
2020-12-09,1855.183228,1877.196777,1845.307129,1870.874146,1851.770020,14587627
2020-12-10,1865.936157,1872.304810,1846.922363,1852.460327,1833.544189,8032753
2020-12-11,1857.998291,1881.073364,1822.232056,1851.352783,1832.447998,13472101
2020-12-14,1853.337158,1859.844360,1833.400391,1837.969238,1819.201050,8656373
2020-12-15,1836.492432,1836.492432,1810.094604,1822.324463,1803.716064,9275632
2020-12-16,1834.923340,1841.338257,1814.340454,1824.354980,1805.725830,9280505
2020-12-17,1831.692871,1850.614380,1824.908813,1832.708130,1813.993652,10126179
2020-12-18,1827.631714,1850.522095,1813.694336,1838.199951,1819.429565,9233172
2020-12-21,1855.229370,1866.305298,1712.395142,1790.342529,1772.060669,22067770
2020-12-22,1798.926392,1808.064087,1743.038696,1787.573486,1769.320068,14070000
2020-12-23,1781.389404,1801.187744,1772.759277,1794.172974,1775.852051,9750705
2020-12-24,1797.080322,1844.891724,1796.065063,1840.599854,1821.804932,10388494
2020-12-28,1852.183472,1862.613403,1841.661255,1849.045288,1830.164063,8610749
2020-12-29,1854.306396,1857.352295,1829.892944,1836.815552,1818.059082,9305969
2020-12-30,1841.615112,1852.644897,1823.432007,1841.845825,1823.038086,11021815
2020-12-31,1839.999878,1856.983032,1826.247192,1832.431274,1813.719727,9390594
2021-01-01,1834.923340,1843.230347,1829.385376,1834.461914,1815.729614,5007587
2021-01-04,1841.476685,1844.984009,1816.463379,1837.553955,1818.790039,12256767
2021-01-05,1817.386353,1830.862183,1805.387329,1814.709717,1796.179077,12061545
2021-01-06,1814.525024,1814.617310,1758.452881,1766.852173,1748.810181,23200734
2021-01-07,1772.620850,1795.234375,1758.452881,1763.990845,1745.978149,16162959
2021-01-08,1770.313354,1789.142578,1764.867676,1784.804443,1766.579224,13770093
2021-01-11,1789.511719,1789.511719,1746.776855,1751.161133,1733.279419,16653912
2021-01-12,1756.468384,1809.079346,1753.607056,1806.356567,1787.911255,20580773
2021-01-13,1812.355957,1822.878174,1770.728760,1789.511719,1771.238403,13309729
2021-01-14,1795.234375,1815.448120,1789.742554,1809.633179,1791.154419,10776621
2021-01-15,1809.633179,1821.816772,1772.205566,1788.265747,1770.005127,10296634
2021-01-18,1799.018677,1843.230347,1775.251465,1831.185181,1812.486450,17550229
2021-01-19,1841.061279,1874.612305,1841.061279,1861.136597,1842.131958,16003307
2021-01-20,1865.751587,1899.533325,1847.291504,1896.487427,1877.121704,15462268
2021-01-21,1921.685303,1956.759277,1915.224365,1937.745483,1917.958618,19543871
2021-01-22,1948.452271,1952.467407,1878.442749,1891.780151,1872.462524,15266330
2021-01-25,1878.258179,1878.258179,1783.235352,1791.542358,1773.248291,27103552
2021-01-27,1776.774414,1776.774414,1742.623413,1749.084351,1731.223755,21185065
2021-01-28,1735.377808,1775.205322,1726.009399,1732.055054,1714.368530,17033907
2021-01-29,1748.438232,1765.790649,1689.089355,1700.119263,1682.758789,21856191
2021-02-01,1716.225586,1758.314331,1705.703369,1749.361328,1731.497925,17090476
2021-02-02,1766.852173,1790.619385,1712.118286,1777.512817,1759.362061,20735017
2021-02-03,1779.820313,1801.695313,1753.699341,1781.989380,1763.792969,15150848
2021-02-04,1775.851318,1790.619385,1758.314331,1776.128296,1757.991577,12813490
2021-02-05,1781.435547,1794.911377,1772.159424,1775.620605,1757.489136,10124023
2021-02-08,1784.204468,1817.386353,1780.512573,1801.187744,1782.795166,10591700
2021-02-09,1810.879272,1836.400146,1801.972290,1805.525757,1787.088989,9802070
2021-02-10,1803.310669,1831.923584,1778.897217,1822.278198,1803.670288,10617078
2021-02-11,1827.539307,1905.255981,1820.386108,1897.410400,1878.035400,21269639
2021-02-12,1897.225830,1917.993286,1860.213501,1884.396118,1865.153931,15248514
2021-02-15,1890.349487,1902.579224,1869.074341,1876.089111,1856.931763,7895549
2021-02-16,1882.688599,1919.285522,1878.304321,1900.917847,1881.506836,10710830
2021-02-17,1901.379272,1934.561157,1892.703125,1922.839111,1903.204224,11871497
2021-02-18,1924.454346,1946.052490,1900.548584,1908.486450,1888.998413,9323438
2021-02-19,1898.610352,1942.868164,1895.195190,1920.116211,1900.509277,11701741
2021-02-22,1919.839355,1928.977051,1841.338257,1853.475708,1834.549194,11902167
2021-02-23,1890.303345,1894.826050,1858.552124,1867.643677,1848.572510,12822054
2021-02-24,1873.689331,1906.225098,1870.135742,1902.302368,1882.877441,5403831
2021-02-25,1916.147339,1986.295288,1913.378296,1979.234375,1959.023682,17427846
2021-02-26,1953.990356,1969.588989,1911.255371,1925.192749,1905.533936,18740607
2021-03-01,1947.713867,1949.375366,1903.686890,1939.868408,1920.059692,8840382
2021-03-02,1958.605347,1965.989258,1928.238647,1943.837280,1923.988037,8575380
2021-03-03,1957.728516,2048.967041,1944.944946,2032.537598,2011.782593,15962230
2021-03-04,2012.139282,2021.323120,1991.556396,2008.308838,1987.801270,10717877
2021-03-05,1989.987305,2041.629150,1987.264404,2010.939331,1990.404907,12755833
2021-03-08,2001.524780,2060.042969,2001.063354,2022.384644,2001.733398,9753420
2021-03-09,2030.599243,2043.336670,1981.311157,2022.338379,2001.687622,7577242
2021-03-10,2037.060303,2044.536621,2003.140015,2013.939087,1993.374023,5759679
2021-03-12,2025.984253,2036.506470,1960.359009,1973.004150,1952.857178,8432476
2021-03-15,1975.265503,1983.433960,1920.300781,1946.514038,1926.637451,8349049
2021-03-16,1951.221313,1962.297363,1934.145874,1938.853149,1919.054810,6936900
2021-03-17,1936.499512,1941.068359,1878.396606,1897.087402,1877.715576,9605118
2021-03-18,1913.286011,1924.269775,1846.922363,1854.398682,1835.462769,10323740
2021-03-19,1837.692383,1934.468872,1830.123779,1921.685303,1902.062378,20893714
2021-03-22,1911.532349,1914.301270,1876.642944,1903.594482,1884.156250,9286239
2021-03-23,1903.179199,1947.252441,1897.687378,1926.761841,1907.086914,8710582
2021-03-24,1919.608521,1919.608521,1883.288574,1889.657227,1870.361206,8411407
2021-03-25,1895.841309,1895.841309,1832.154297,1838.107666,1819.338135,11000824
2021-03-26,1857.075317,1858.644409,1821.724487,1841.061279,1822.261597,10090101
2021-03-30,1853.383301,1891.134033,1838.199951,1873.043213,1853.916870,10220850
2021-03-31,1862.613403,1892.057007,1845.076294,1848.860596,1829.981201,8125398
2021-04-01,1862.613403,1873.689331,1848.906738,1866.166870,1847.110840,5861656
2021-04-05,1869.028198,1869.074341,1811.017700,1839.169189,1820.388794,7437549
2021-04-06,1849.691406,1850.568237,1817.386353,1831.508301,1812.806030,7004597
2021-04-07,1845.999390,1889.288086,1839.815308,1848.629883,1829.752930,12133176
2021-04-08,1856.152344,1866.305298,1839.538330,1850.937378,1832.036743,7684594
2021-04-09,1844.568726,1851.860352,1827.539307,1829.431519,1810.750488,7018942
2021-04-12,1808.156372,1810.371582,1753.930176,1763.990845,1745.978149,10450741
2021-04-13,1775.851318,1791.173218,1770.174927,1783.050781,1764.843384,9705594
2021-04-15,1777.974243,1810.002319,1765.698364,1794.588257,1776.263062,9861858
2021-04-16,1787.481201,1799.757080,1778.112671,1783.327637,1765.117432,7828474
2021-04-19,1757.391357,1768.836548,1744.469360,1755.268433,1737.344727,9239404
2021-04-20,1763.390869,1771.236328,1744.884766,1754.760864,1736.842529,8601834
2021-04-22,1746.546143,1767.036743,1732.193481,1759.606567,1741.638672,7245477
2021-04-23,1759.237427,1771.144043,1749.407471,1757.714478,1739.765869,5914428
2021-04-26,1772.159424,1810.925415,1764.313843,1788.634888,1770.370483,10423389
2021-04-27,1790.619385,1843.414917,1789.004150,1835.523315,1816.780151,9996262
2021-04-28,1844.014893,1853.383301,1827.677856,1843.507202,1824.682617,8561218
2021-04-29,1867.135986,1887.072876,1852.737305,1868.197510,1849.120728,8706303
2021-04-30,1853.844849,1879.227295,1834.508057,1840.922852,1822.124512,9914384
2021-05-03,1814.617310,1826.616333,1793.480713,1808.202515,1789.738403,11820093
2021-05-04,1799.849365,1816.278809,1763.852417,1769.021118,1750.957031,10924915
2021-05-05,1775.251465,1789.234863,1761.129517,1772.251709,1754.154663,6196804
2021-05-06,1773.866943,1786.004395,1759.791138,1782.312378,1764.112427,7312333
2021-05-07,1788.542603,1805.064331,1777.697388,1783.004639,1764.797852,6144274
2021-05-10,1789.696411,1796.895752,1773.036255,1777.881958,1759.727417,6970618
2021-05-11,1767.544434,1789.281006,1762.929321,1784.296875,1766.076904,6739132
2021-05-12,1781.481689,1784.066040,1760.160400,1765.836792,1747.805176,6588980
2021-05-14,1779.589478,1792.465332,1759.237427,1788.127319,1769.868164,6645808
2021-05-17,1788.127319,1812.263672,1781.758545,1809.402466,1790.926025,5936539
2021-05-18,1828.462402,1848.399170,1820.616821,1834.877197,1816.140625,6032459
2021-05-19,1827.539307,1861.182739,1820.155396,1843.276489,1824.454102,8158501
2021-05-20,1844.061035,1856.060059,1828.462402,1832.523560,1813.810913,5711266
2021-05-21,1838.615356,1854.860107,1833.077393,1848.353027,1829.478882,5392802
2021-05-24,1853.383301,1855.044800,1829.385376,1832.754272,1814.039429,4275880
2021-05-25,1842.676514,1843.230347,1809.079346,1811.986816,1793.484009,7390051
2021-05-26,1822.924316,1827.077881,1813.971313,1818.355469,1799.787598,3740102
2021-05-27,1818.586304,1839.538330,1811.156128,1823.939697,1805.314819,13409647
2021-05-28,1836.769409,1942.914307,1836.769409,1933.499756,1913.756104,28234965
2021-05-31,1940.145264,2022.938354,1924.500488,1993.956177,1973.595215,29562071
2021-06-01,1999.217285,2032.445313,1981.218750,2001.894043,1981.452026,14006916
2021-06-02,1990.910278,2039.367798,1990.910278,2031.753052,2011.006104,12315081
2021-06-03,2049.982178,2076.749268,2026.999634,2039.506226,2018.680176,11987128
2021-06-04,2044.259644,2045.782593,2016.062012,2021.830811,2001.185181,7234323
2021-06-07,2032.445313,2069.365234,2016.754272,2055.889404,2034.896118,8168286
2021-06-08,2055.151123,2055.658691,2028.891724,2044.075073,2023.202393,4837367
2021-06-09,2048.136230,2049.982178,1991.787109,2007.524292,1987.024780,5704580
2021-06-10,2024.507446,2058.289307,2009.877930,2014.908325,1994.333374,7077826
2021-06-11,2014.816040,2056.443359,2012.231567,2042.736694,2028.926270,6881389
2021-06-14,2044.444336,2084.364014,2026.030396,2072.041992,2058.033691,10166218
2021-06-15,2086.902344,2099.731934,2067.796143,2076.749268,2062.708984,7587107
2021-06-16,2072.041992,2074.026367,2035.998779,2041.306030,2027.505249,5398674
2021-06-17,2030.599243,2062.904297,2012.046997,2045.044189,2031.218262,7872987
2021-06-18,2054.135742,2062.904297,2016.154297,2054.274170,2040.385864,14684513
2021-06-21,2033.829834,2074.441650,2030.737793,2064.980957,2051.020264,6093224
2021-06-22,2080.441162,2086.902344,2048.459229,2054.366455,2040.477417,6435956
2021-06-23,2076.749268,2077.302979,2032.168335,2035.537354,2021.775635,8326975
2021-06-24,2036.921875,2044.075073,1975.219360,1987.679810,1974.241699,45730987
2021-06-25,1987.679810,1987.679810,1920.854614,1942.406616,1929.274536,27677511
2021-06-28,1958.605347,1962.758789,1920.762329,1925.377319,1912.360352,10138521
2021-06-29,1928.607788,1946.606323,1923.623657,1927.038696,1914.010620,13572031
2021-06-30,1934.838013,1959.205200,1930.038452,1948.129272,1934.958618,9881429
2021-07-01,1954.913330,1959.666748,1933.684326,1936.407227,1923.315674,6267203
2021-07-02,1935.530273,1968.666016,1931.792114,1965.112427,1951.826782,7043310
2021-07-05,1971.942627,1987.725952,1967.373779,1984.633911,1971.216309,5851143
2021-07-06,1979.788208,1983.433960,1956.943970,1961.189697,1947.930664,5035062
2021-07-07,1963.912598,1963.912598,1936.453369,1947.575439,1934.408325,5227446
2021-07-08,1953.944214,1953.944214,1920.762329,1931.469116,1918.411011,5592730
2021-07-09,1927.223267,1930.638428,1907.009644,1911.716919,1898.792358,4518837
2021-07-12,1919.608521,1939.683838,1914.762817,1923.623657,1910.618652,4292646
2021-07-13,1938.299316,1941.114502,1927.269531,1938.022461,1924.920044,3358566
2021-07-14,1938.622314,1944.621826,1920.993042,1925.377319,1912.360352,4266272
2021-07-15,1933.684326,1933.684326,1918.454834,1922.008423,1909.014282,4724178
2021-07-16,1926.992554,1951.913574,1926.854126,1949.744507,1936.562866,4414092
2021-07-19,1938.299316,1960.451294,1931.146118,1937.330200,1924.232422,4177224
2021-07-20,1937.837769,1945.683350,1923.531372,1932.576660,1919.511108,3370732
2021-07-22,1955.836304,1960.359009,1936.591797,1957.405396,1944.171997,3986198
2021-07-23,1970.096680,1970.096680,1940.191406,1943.560425,1930.420532,4968515
2021-07-26,1945.683350,1957.682251,1911.624634,1916.931885,1903.972046,6194834
2021-07-27,1916.885742,1923.254395,1884.765381,1896.764282,1883.940796,5412261
2021-07-28,1899.533325,1899.533325,1860.998047,1880.473389,1867.760010,6448924
2021-07-29,1895.841309,1914.670532,1886.057495,1895.149048,1882.336426,6882869
2021-07-30,1899.533325,1908.717163,1874.704590,1878.581299,1865.880859,5675304
2021-08-02,1896.118286,1919.285522,1883.980835,1912.916870,1899.984253,5462552
2021-08-03,1929.069336,1929.992310,1905.255981,1926.992554,1913.964722,5908649
2021-08-04,1933.130493,1951.221313,1926.300293,1941.760620,1928.632935,6584900
2021-08-05,1951.498169,1988.879639,1942.222046,1969.912109,1956.593994,10626039
2021-08-06,1965.943115,1981.634155,1918.685547,1928.192505,1915.156616,8310493
2021-08-09,1920.762329,1928.884766,1907.378784,1917.208740,1904.246948,3747071
2021-08-10,1921.685303,1950.298340,1914.070557,1927.269531,1914.239746,5959599
2021-08-11,1935.484131,1956.759277,1922.977539,1954.267212,1941.054932,4592481
2021-08-12,1961.281982,1962.481934,1942.914307,1947.990845,1934.821045,4068806
2021-08-13,1954.267212,1984.357056,1946.560181,1980.434204,1967.045044,6390450
2021-08-16,1983.849365,2033.368286,1964.281738,2006.139771,1992.576782,10967722
2021-08-17,2001.847900,2016.938843,1982.464844,1997.602051,1984.096924,6329084
2021-08-18,2006.601318,2018.415649,1986.849121,2005.355225,1991.797607,5037930
2021-08-20,1977.988281,2004.755249,1972.450317,1982.834106,1969.428711,4713141
2021-08-23,2006.601318,2006.601318,1968.112183,1995.848389,1982.354980,4927197
2021-08-24,1998.340454,2023.215332,1989.618042,2015.554443,2001.927856,5932236
2021-08-25,2017.123535,2049.059326,2012.231567,2032.999023,2019.254517,6690279
2021-08-26,2037.983276,2072.041992,2035.214233,2058.704590,2044.786133,9294808
2021-08-27,2064.750244,2070.057617,2045.413452,2055.889404,2041.990112,5240318
2021-08-30,2076.749268,2100.608887,2064.565674,2095.439941,2081.273193,7013531
2021-08-31,2101.577881,2107.900391,2069.595947,2084.271729,2070.180664,13242731
2021-09-01,2097.978271,2116.345947,2088.748291,2092.532471,2078.385498,5572743
2021-09-02,2081.364258,2130.098633,2081.364258,2117.730469,2103.413086,4978385
2021-09-03,2132.129150,2210.584229,2125.206787,2204.584717,2189.680176,15332214
2021-09-06,2227.198242,2289.039307,2226.275146,2238.828125,2223.692139,16820855
2021-09-07,2242.889160,2268.733154,2226.275146,2252.949951,2237.718506,8674941
2021-09-08,2263.195313,2265.041260,2221.337158,2244.135254,2228.963135,7150825
2021-09-09,2240.950928,2250.134766,2230.059570,2238.828125,2223.692139,4481624
2021-09-13,2245.658203,2245.658203,2185.709473,2188.939941,2174.141357,8155580
2021-09-14,2192.124268,2209.661133,2183.817139,2186.078613,2171.299316,4454178
2021-09-15,2186.124756,2211.276367,2186.124756,2195.170166,2180.329346,4535537
2021-09-16,2198.169922,2249.119385,2184.740234,2241.227783,2226.075439,6724441
2021-09-17,2257.657227,2266.748779,2192.677979,2206.476807,2191.559570,17441066
2021-09-20,2189.447510,2232.136230,2187.509277,2209.984375,2195.043213,5889909
2021-09-21,2219.814209,2230.520996,2200.431152,2219.537354,2204.531738,4957868
2021-09-22,2222.583252,2253.965088,2213.583984,2243.350830,2228.184326,5497956
2021-09-23,2258.949463,2304.730225,2257.195801,2298.177002,2282.639648,7874198
2021-09-24,2310.775879,2312.529541,2281.655273,2291.531250,2276.038818,7596081
2021-09-27,2295.500244,2335.096924,2284.701172,2330.066650,2314.313721,7686917
2021-09-28,2338.881104,2367.401855,2319.313477,2351.849365,2335.948975,9017629
2021-09-29,2372.109131,2372.109131,2326.005371,2333.204834,2317.430664,4859937
2021-09-30,2330.574219,2339.435059,2307.822266,2325.266846,2309.546387,6795327
2021-10-01,2309.299072,2344.234619,2302.884277,2329.374268,2313.625977,4479464
2021-10-04,2356.418213,2376.585693,2341.696289,2359.325684,2343.375000,5459276
2021-10-05,2358.356445,2410.875244,2351.203125,2408.290771,2392.009033,6766817
2021-10-06,2418.212891,2418.212891,2354.664551,2362.740723,2346.766846,5129440
2021-10-07,2395.184082,2398.645508,2369.986328,2374.324463,2358.272217,3168332
2021-10-08,2386.184814,2477.700439,2382.723633,2465.562988,2448.894043,7886246
2021-10-11,2493.391357,2510.559082,2441.657227,2448.395020,2431.842041,7384333
2021-10-12,2441.334229,2476.408203,2437.872803,2462.378418,2445.730957,3341005
2021-10-13,2472.716064,2510.097656,2463.762939,2487.437988,2470.621094,4979881
2021-10-14,2492.422119,2508.205566,2480.284668,2492.468262,2475.617432,4311734
2021-10-18,2463.116943,2533.634033,2457.302002,2499.114014,2482.218262,6797239
2021-10-19,2514.066406,2539.495117,2499.483154,2521.496582,2504.449463,4416704
2021-10-20,2531.557373,2531.557373,2484.253662,2492.468262,2475.617432,6355285
2021-10-21,2517.389404,2517.943115,2402.752686,2420.566650,2404.201904,10415834
2021-10-22,2418.259033,2459.701904,2410.413574,2425.089355,2408.694092,5513737
2021-10-25,2473.639160,2473.639160,2372.109131,2401.460449,2385.224854,8599208
2021-10-26,2415.582520,2463.393799,2402.706543,2456.148193,2439.542725,4875089
2021-10-27,2447.795166,2470.685547,2418.212891,2425.089355,2408.694092,4948149
2021-10-28,2418.259033,2434.826904,2391.030762,2398.506836,2382.291260,4943090
2021-10-29,2396.245605,2396.245605,2309.068359,2340.958008,2325.131592,7116512
2021-11-01,2340.958008,2359.187256,2302.053467,2342.388672,2326.552490,7740557
2021-11-02,2349.034180,2351.803223,2303.114990,2308.237549,2292.632080,5284565
2021-11-03,2313.083252,2325.959229,2271.502197,2292.362061,2276.864014,5994715
2021-11-04,2300.991943,2312.021973,2298.269287,2306.437744,2290.844482,852828
2021-11-08,2325.405273,2325.959229,2267.256348,2309.299072,2293.686523,10168591
2021-11-09,2312.114258,2334.173828,2295.546387,2327.528320,2311.792480,7841248
2021-11-10,2322.913330,2361.033203,2310.868164,2353.556885,2337.645264,5126735
2021-11-11,2344.465332,2372.570557,2340.311768,2357.848877,2341.908203,5361239
2021-11-12,2365.555908,2398.645508,2360.110107,2393.430420,2377.249268,4356170
2021-11-15,2399.799072,2401.829834,2372.109131,2379.308594,2363.222900,2401634
2021-11-16,2374.001221,2376.724121,2302.884277,2324.020996,2308.308838,5668790
2021-11-17,2306.530029,2306.530029,2271.502197,2274.271240,2258.895508,5101014
2021-11-18,2270.579102,2297.346191,2261.395264,2282.854980,2267.421387,4252812
2021-11-22,2248.519531,2260.426270,2169.972168,2181.740479,2166.990234,12062153
2021-11-23,2153.404297,2216.353027,2131.206299,2202.138672,2187.250732,12663499
2021-11-24,2196.739258,2224.336914,2163.095947,2170.341553,2155.668457,8410148
2021-11-25,2190.278320,2309.345215,2175.648682,2300.991943,2285.435547,21200968
2021-11-26,2277.778564,2286.823975,2216.583740,2226.829102,2211.774170,7881569
2021-11-29,2251.288574,2307.499268,2214.368408,2253.503662,2238.268555,12162677
2021-11-30,2277.963135,2285.254883,2204.907715,2220.183350,2205.173340,16086149
2021-12-01,2245.658203,2283.501221,2238.366455,2277.040283,2261.645752,5052305
2021-12-02,2279.532227,2303.991699,2272.055908,2291.669678,2276.176270,6360205
2021-12-03,2306.022461,2306.114746,2215.199219,2222.813965,2207.786133,9611240
2021-12-06,2229.967285,2238.274170,2175.648682,2180.678955,2165.936035,5166127
2021-12-07,2193.185791,2218.891113,2178.279297,2198.446777,2183.583740,5617561
2021-12-08,2237.443604,2244.550537,2221.014160,2231.905518,2216.816162,4372089
2021-12-09,2247.504150,2284.331787,2238.274170,2267.302490,2251.973877,6606773
2021-12-10,2252.349854,2276.117188,2243.212158,2269.610107,2254.265869,4182207
2021-12-13,2283.039795,2283.593506,2218.891113,2224.106201,2209.069580,6450866
2021-12-14,2196.739258,2220.737305,2190.647461,2196.877686,2182.025146,6495761
2021-12-15,2200.431152,2219.814209,2179.294434,2190.462891,2175.653809,4683484
2021-12-16,2220.460205,2229.505615,2186.263184,2218.798828,2203.798096,4880639
2021-12-17,2213.399414,2222.583252,2141.359131,2160.234619,2145.629883,10524910
2021-12-20,2139.374756,2139.374756,2074.072510,2101.993408,2087.782471,7162923
2021-12-21,2133.375244,2165.357178,2115.699951,2133.282959,2118.860352,6418280
2021-12-22,2145.881836,2189.262939,2143.205322,2183.909424,2169.144775,8829271
2021-12-23,2191.201172,2196.739258,2176.479492,2183.125000,2168.365479,4536200
2021-12-24,2187.509277,2207.815186,2157.557861,2190.093750,2175.287109,3943247
2021-12-27,2179.709961,2194.893311,2167.295654,2187.739990,2172.949463,2008611
2021-12-28,2192.677979,2219.675781,2190.324463,2213.722412,2198.755859,3187306
2021-12-29,2206.892334,2232.736328,2198.677490,2217.506836,2202.514893,7712656
2021-12-30,2215.199219,2219.768066,2164.988037,2177.448486,2162.727539,14666585
2021-12-31,2190.278320,2200.338867,2178.279297,2185.801758,2171.024170,4738645
2022-01-03,2182.894287,2222.537109,2181.555908,2218.752686,2203.752197,2710805
2022-01-04,2229.875000,2271.502197,2218.891113,2268.825439,2253.486572,5423864
2022-01-05,2272.425293,2286.270264,2245.612061,2279.439941,2264.029297,5821906
2022-01-06,2262.456787,2265.041260,2223.506104,2230.428711,2215.349365,7223711
2022-01-07,2243.766113,2268.779297,2225.859863,2248.427246,2233.226318,6556057
2022-01-10,2263.195313,2267.810303,2230.013428,2250.273193,2235.059814,4623365
2022-01-11,2248.427246,2284.377930,2247.504150,2266.471924,2251.148926,8102582
2022-01-12,2281.009033,2330.528076,2275.194092,2326.974365,2311.242432,7400221
2022-01-13,2327.113037,2345.342285,2315.252441,2340.081055,2324.260498,5928356
2022-01-14,2339.804199,2369.616943,2331.358643,2343.496094,2327.652344,9965088
2022-01-17,2342.573242,2367.494141,2341.650146,2355.725830,2339.799561,4018226
2022-01-18,2358.033447,2365.048096,2322.036377,2327.620605,2311.884277,3107514
2022-01-19,2335.189209,2346.265137,2315.806152,2327.436035,2311.700928,4877742
2022-01-20,2307.545410,2316.683105,2265.964111,2286.685547,2271.226074,8247243
2022-01-21,2263.195313,2309.575928,2263.195313,2287.054688,2271.592773,6669297
2022-01-24,2284.424316,2311.883545,2173.756592,2194.801025,2179.962402,10934468
2022-01-25,2168.633789,2204.723145,2127.514160,2190.509033,2175.699707,12255102
2022-01-27,2156.127197,2174.679443,2133.098389,2158.065430,2143.475342,10010215
2022-01-28,2182.894287,2192.954834,2149.112549,2155.988770,2141.412842,7333863
2022-01-31,2178.463867,2221.106445,2174.771729,2202.831055,2187.938477,6071841
2022-02-01,2222.583252,2234.213135,2166.372559,2195.539307,2180.696045,6600254
2022-02-02,2221.660156,2221.660156,2192.216553,2200.015869,2185.142090,5008845
2022-02-03,2207.815186,2216.537598,2166.464844,2171.587402,2156.906006,4786419
2022-02-04,2160.742188,2167.618652,2142.374512,2151.789063,2137.241211,5530620
2022-02-07,2161.665283,2175.325684,2127.514160,2138.682617,2124.223633,5357233
2022-02-08,2151.189209,2178.279297,2132.129150,2174.633301,2159.931152,6030424
2022-02-09,2188.570801,2203.384766,2176.433350,2199.969727,2185.096436,5743112
2022-02-10,2211.230225,2211.230225,2182.986572,2197.708496,2182.850586,6232245
2022-02-11,2190.509033,2200.892822,2163.603516,2193.416504,2178.587402,7971685
2022-02-14,2160.050049,2173.618164,2134.898193,2158.480957,2143.887939,5359816
2022-02-15,2170.156738,2237.259033,2155.850342,2231.767090,2216.678711,5606335
2022-02-16,2242.889160,2245.658203,2211.461182,2227.152100,2212.094971,5196420
2022-02-17,2233.751465,2265.871826,2224.429199,2255.349609,2240.101807,6426626
2022-02-18,2256.180420,2267.256348,2233.797607,2237.720459,2222.592041,3387729
2022-02-21,2226.275146,2249.811768,2200.985107,2215.106934,2200.131348,5553596
2022-02-22,2171.725830,2211.415039,2166.418701,2205.046143,2190.138428,6747457
2022-02-23,2216.214600,2221.244873,2185.663330,2191.247314,2176.432861,3655055
2022-02-24,2127.514160,2159.727051,2070.657471,2082.056396,2067.980225,12423325
2022-02-25,2104.531494,2130.237061,2100.978027,2108.085205,2093.833252,7285044
2022-02-28,2070.288330,2185.063232,2070.288330,2177.863770,2163.139893,10648723
2022-03-02,2154.696533,2216.122314,2149.850830,2213.860840,2198.893555,10735893
2022-03-03,2215.199219,2228.905762,2187.555420,2195.170166,2180.329346,5093374
2022-03-04,2171.818115,2182.248047,2141.682373,2146.481934,2131.970215,5402833
2022-03-07,2103.239258,2134.067627,2050.905273,2067.104004,2053.128906,8991655
2022-03-08,2041.213745,2073.057373,2012.139282,2063.365723,2049.415771,10644687
2022-03-09,2063.827393,2184.740234,2062.119629,2172.833496,2158.143555,10207114
2022-03-10,2215.199219,2219.814209,2178.279297,2208.045898,2193.117920,8990246
2022-03-11,2193.093262,2225.352295,2193.093262,2214.414551,2199.443359,6128711
2022-03-14,2203.107910,2237.720459,2191.201172,2232.597656,2217.503662,4170339
2022-03-15,2240.997070,2240.997070,2160.603760,2181.463623,2166.715332,7962884
2022-03-16,2198.585205,2222.490967,2194.062500,2218.291260,2203.294189,5574914
2022-03-17,2245.427490,2305.099365,2229.136475,2290.608398,2275.122070,10711049
2022-03-21,2255.811279,2292.731201,2251.196289,2277.409424,2262.012451,5999733
2022-03-22,2270.671387,2339.758057,2264.672119,2336.250732,2320.456055,11278532
2022-03-23,2328.728271,2367.355713,2328.728271,2343.680664,2327.835693,7731093
2022-03-24,2316.729248,2385.169678,2316.729248,2380.093018,2364.001709,6584133
2022-03-25,2383.646729,2414.567139,2378.570068,2395.968750,2379.770264,7111244
2022-03-28,2409.029053,2427.258301,2387.338623,2420.059082,2403.697754,4945712
2022-03-29,2434.873047,2434.873047,2406.629395,2420.612793,2404.247559,4342032
2022-03-30,2436.626953,2481.023193,2415.582520,2467.132080,2450.452637,7905775
2022-03-31,2459.748047,2464.132324,2426.197021,2431.873291,2415.432129,6611859
2022-04-01,2433.027100,2459.932617,2420.105225,2451.348633,2434.775635,3961440
2022-04-04,2450.979492,2469.024170,2438.242188,2458.594238,2441.972412,3964581
2022-04-05,2446.964355,2464.316895,2418.905273,2423.843262,2407.456299,6574935
2022-04-06,2387.892578,2431.642578,2387.892578,2417.382324,2401.039307,6128607
2022-04-07,2395.276367,2405.337158,2369.340088,2374.739746,2358.684814,7748249
2022-04-08,2362.879150,2422.874268,2362.879150,2414.244141,2397.922119,7576247
2022-04-11,2399.799072,2435.380859,2384.108154,2409.213867,2392.925781,4627104
2022-04-12,2387.800049,2402.198975,2358.633301,2363.848389,2347.867188,6608871
2022-04-13,2376.262695,2392.968994,2349.495605,2355.172119,2339.249512,5177117
2022-04-18,2337.958252,2362.694580,2327.620605,2347.972656,2332.098633,4987112
2022-04-19,2361.033203,2462.563232,2354.618408,2437.457520,2420.978516,13070910
2022-04-20,2452.502441,2523.481201,2445.118408,2509.128418,2492.164795,12536120
2022-04-21,2539.079834,2574.246094,2521.635010,2567.877441,2550.516846,10854316
2022-04-22,2546.463867,2586.245117,2532.895752,2546.371582,2529.156250,7527077
2022-04-25,2531.234375,2546.002197,2458.548096,2487.484131,2470.666992,8531607
2022-04-26,2501.329102,2579.784180,2499.206299,2561.924072,2544.603516,6113833
2022-04-27,2543.648682,2610.243164,2542.910156,2564.416260,2547.079102,9669472
2022-04-28,2593.583008,2631.472168,2571.569336,2602.720703,2585.124512,12807038
2022-04-29,2636.225586,2636.225586,2563.447021,2575.399902,2557.988525,9107431
2022-05-02,2549.325195,2589.475586,2545.679199,2566.354492,2549.004150,4733503
2022-05-04,2570.554199,2575.169189,2470.224121,2486.238037,2469.429199,9623830
2022-05-05,2513.789551,2519.789063,2429.335205,2437.549805,2421.070313,8605334
2022-05-06,2411.059814,2454.256104,2393.845703,2418.859131,2402.505859,9824974
2022-05-09,2376.677979,2397.122559,2313.960205,2324.390137,2308.675537,9041876
2022-05-10,2302.884277,2332.051025,2268.733154,2284.101074,2268.658936,9755838
2022-05-11,2282.255127,2293.608154,2235.458984,2260.703125,2245.419189,8321949
2022-05-12,2240.581787,2247.365723,2187.509277,2214.645508,2199.672852,10245160
2022-05-13,2239.197266,2287.193115,2229.367188,2239.750977,2224.608643,9654389
2022-05-16,2246.996582,2289.962158,2230.567139,2240.304932,2225.158691,6718955
2022-05-17,2247.596436,2344.326904,2244.735107,2334.404541,2318.622314,8275914
2022-05-18,2344.096191,2372.109131,2315.114014,2342.896240,2327.056641,8638394
2022-05-19,2292.731201,2319.036621,2276.163330,2288.900635,2273.426025,7349559
2022-05-20,2319.036621,2440.780273,2309.345215,2422.366455,2405.989502,10896545
2022-05-23,2428.873535,2449.225830,2393.338135,2406.167969,2389.900635,7626377
2022-05-24,2406.260254,2434.873047,2397.676270,2414.428711,2398.105469,6763909
2022-05-25,2432.104248,2452.133301,2401.183594,2410.875244,2394.575928,6357272
2022-05-26,2422.320313,2432.011963,2351.803223,2387.892578,2371.748535,8941011
2022-05-27,2393.384277,2404.552490,2344.511475,2376.816406,2360.747559,8260986
2022-05-30,2413.644043,2468.101074,2394.445801,2459.609619,2442.980957,6926699
2022-05-31,2438.011230,2472.531494,2414.290283,2429.935059,2413.506836,35310326
2022-06-01,2431.458008,2450.748779,2414.751709,2430.719727,2414.286377,4888494
2022-06-02,2431.181152,2522.050537,2431.181152,2514.528076,2497.528076,11063284
2022-06-03,2532.711182,2600.413086,2530.864990,2565.477539,2548.133057,11969895
2022-06-06,2565.939209,2597.321045,2539.910400,2554.447754,2537.177979,5546576
2022-06-07,2556.616699,2576.184326,2540.141357,2559.247314,2541.945068,6179127
2022-06-08,2559.247314,2566.862061,2507.144043,2514.297363,2497.299072,6239625
2022-06-09,2501.329102,2587.167969,2501.329102,2583.245361,2565.780762,8639152
2022-06-10,2558.462891,2575.076904,2493.483643,2505.251953,2488.314697,9046528
2022-06-13,2445.949219,2466.993652,2414.843994,2457.855713,2441.238770,8810401
2022-06-14,2445.995361,2466.116699,2412.213379,2425.735352,2409.335693,7357156
2022-06-15,2415.997803,2434.227051,2385.400391,2396.384033,2380.182617,5597767
2022-06-16,2421.028076,2454.302246,2357.341064,2362.879150,2346.904541,8555737
2022-06-17,2362.879150,2422.735596,2359.279541,2390.569092,2374.407227,12228593
2022-06-20,2404.414063,2415.582520,2326.974365,2347.234375,2331.365479,6033398
2022-06-21,2362.879150,2393.707275,2333.620117,2385.123535,2368.998291,5860024
2022-06-22,2361.125488,2361.310059,2308.422119,2312.667969,2297.032471,5308603
2022-06-23,2321.390381,2330.574219,2256.734131,2275.147949,2259.766357,9723161
2022-06-24,2289.039307,2317.652100,2277.963135,2307.545410,2291.944824,7120117
2022-06-27,2348.988037,2348.988037,2290.469727,2300.715088,2285.160645,7737264
2022-06-28,2290.977539,2338.834961,2290.977539,2333.066162,2317.292969,6786423
2022-06-29,2314.144775,2397.030273,2308.422119,2381.477539,2365.377197,9602573
2022-06-30,2381.339111,2414.474854,2368.417236,2395.784180,2379.586914,11556479
2022-07-01,2376.631836,2392.415039,2182.894287,2223.229248,2208.198730,40998574
2022-07-04,2195.770020,2253.965088,2183.909424,2227.844238,2212.782227,20928864
2022-07-05,2236.428223,2275.101807,2230.982422,2245.888916,2230.705078,8823663
2022-07-06,2233.751465,2253.918945,2204.123291,2226.136719,2211.086426,11971863
2022-07-07,2239.104980,2245.888916,2192.124268,2204.215576,2189.313477,11650516
2022-07-08,2231.813232,2231.813232,2199.092773,2207.261475,2192.338867,9505054
2022-07-11,2193.508789,2241.781494,2187.509277,2237.259033,2222.133545,6923733
2022-07-12,2218.891113,2251.842285,2218.891113,2234.074463,2218.970459,5389494
2022-07-13,2240.397217,2246.581299,2190.278320,2194.477783,2179.641602,7112066
2022-07-14,2204.123291,2246.535156,2193.924072,2212.568604,2197.610107,8485157
2022-07-15,2229.044189,2229.044189,2199.600586,2216.860596,2201.873047,4801605
2022-07-18,2234.582275,2238.274170,2208.092041,2235.736084,2220.620850,7580454
2022-07-19,2215.476074,2258.580322,2215.476074,2249.442627,2234.234863,8219944
2022-07-20,2344.419189,2346.726563,2294.807861,2310.268066,2294.648926,11962123
2022-07-21,2301.961182,2307.499268,2277.317139,2294.854004,2279.339111,8261615
2022-07-22,2307.499268,2322.544189,2302.884277,2310.360596,2294.740967,5484997
2022-07-25,2277.455566,2277.455566,2217.968262,2234.028320,2218.924805,11555226
2022-07-26,2234.674561,2255.718994,2225.675293,2235.043701,2219.933105,5651644
2022-07-27,2233.613037,2240.120117,2217.045166,2232.920898,2217.824951,4327543
2022-07-28,2248.427246,2277.916992,2234.582275,2267.902588,2252.570068,6248036
2022-07-29,2284.147217,2323.282471,2274.271240,2316.221436,2300.562012,7565341
2022-08-01,2325.174561,2388.492432,2314.513916,2376.585693,2360.518311,7850022
2022-08-02,2374.416748,2406.998535,2364.309814,2385.631104,2369.502441,6958956
2022-08-03,2399.799072,2409.029053,2369.755615,2405.660156,2389.396240,7125488
2022-08-04,2409.029053,2416.182373,2339.804199,2373.862793,2357.813721,7233563
2022-08-05,2377.647217,2380.231445,2332.374023,2338.881104,2323.068604,6971219
2022-08-08,2336.112061,2384.615723,2336.112061,2369.478516,2353.459229,5082589
2022-08-10,2378.477783,2390.476807,2360.156250,2383.646729,2367.531494,5362344
2022-08-11,2402.660400,2408.936768,2381.523682,2391.584473,2375.415527,4099113
2022-08-12,2390.845947,2437.965088,2383.369873,2430.258057,2413.827881,6325293
2022-08-16,2442.441650,2452.687012,2424.997070,2447.148926,2430.604492,3303689
2022-08-17,2459.794189,2470.777832,2451.071777,2459.932617,2443.301758,3297982
2022-08-18,2455.179199,2463.486084,2436.903809,2456.379150,2447.732666,3705017
2022-08-19,2445.949219,2456.748291,2404.367920,2412.582764,2404.090332,4730362
2022-08-22,2415.490234,2428.688965,2386.877197,2405.890869,2397.422119,4735840

